,作战名称,活动名称,作战开放时间,作战理智消耗,样本数,主掉落物品名称,主掉落数,单次作战主掉落数量,单位理智主掉落数量,主掉落单件期望理智,副掉落物品名称,副掉落数,单次作战副掉落数量,单位理智副掉落数量,副掉落单件期望理智
0,GT-3,骑兵与猎人,2019-05-30 10:00:00+08:00,12,1135,异铁,1067,0.9400881057268723,0.07834067547723936,12.764761012183692,糖,683,0.6017621145374449,0.05014684287812041,19.941434846266475
1,GT-4,骑兵与猎人,2019-05-30 10:00:00+08:00,12,826,酮凝集,769,0.9309927360774818,0.07758272800645681,12.889466840052018,聚酸酯,467,0.5653753026634383,0.04711460855528652,21.224839400428266
2,DM-4,生于黑夜,2020-04-21 16:00:00+08:00,12,1819,固源岩,3029,1.6652006597031337,0.1387667216419278,7.206338725652031,异铁,793,0.4359538207806487,0.03632948506505406,27.525851197982345
3,DM-5,生于黑夜,2020-04-21 16:00:00+08:00,15,530,糖,712,1.3433962264150943,0.08955974842767295,11.165730337078653,装置,216,0.4075471698113208,0.02716981132075472,36.80555555555555
4,TW-4,沃伦姆德的薄暮,2020-07-09 16:00:00+08:00,12,385,聚酸酯,429,1.1142857142857143,0.09285714285714286,10.769230769230768,固源岩,330,0.8571428571428571,0.07142857142857142,14.0
5,TW-5,沃伦姆德的薄暮,2020-07-09 16:00:00+08:00,15,236,酮凝集,260,1.1016949152542372,0.07344632768361582,13.615384615384615,装置,100,0.423728813559322,0.02824858757062147,35.4
6,RI-4,密林悍将归来,2020-08-25 16:00:00+08:00,12,107,聚酸酯,118,1.102803738317757,0.09190031152647975,10.881355932203391,固源岩,89,0.8317757009345794,0.06931464174454828,14.426966292134832
7,RI-5,密林悍将归来,2020-08-25 16:00:00+08:00,15,140,异铁,153,1.0928571428571427,0.07285714285714286,13.725490196078432,装置,53,0.37857142857142856,0.025238095238095237,39.62264150943396
8,GT-3,骑兵与猎人・复刻,2020-10-01 16:00:00+08:00,12,42,异铁,41,0.9761904761904762,0.08134920634920635,12.292682926829269,糖,27,0.6428571428571429,0.053571428571428575,18.666666666666664
9,GT-4,骑兵与猎人・复刻,2020-10-01 16:00:00+08:00,12,81,酮凝集,75,0.9259259259259259,0.07716049382716049,12.96,聚酸酯,45,0.5555555555555556,0.0462962962962963,21.599999999999998
10,MN-4,玛莉娅・临光,2020-10-15 16:00:00+08:00,12,94,糖,102,1.0851063829787233,0.09042553191489361,11.058823529411766,装置,36,0.3829787234042553,0.031914893617021274,31.333333333333336
11,MN-5,玛莉娅・临光,2020-10-15 16:00:00+08:00,15,266,异铁,295,1.1090225563909775,0.07393483709273183,13.52542372881356,固源岩,285,1.0714285714285714,0.07142857142857142,14.0
12,MB-4,孤岛风云,2020-12-17 16:00:00+08:00,12,140,聚酸酯,154,1.1,0.09166666666666667,10.909090909090908,固源岩,113,0.8071428571428572,0.06726190476190476,14.867256637168142
13,MB-5,孤岛风云,2020-12-17 16:00:00+08:00,15,160,酮凝集,173,1.08125,0.07208333333333333,13.872832369942197,装置,70,0.4375,0.029166666666666667,34.285714285714285
14,WR-4,画中人,2021-02-05 16:00:00+08:00,12,379,聚酸酯,426,1.1240105540897098,0.09366754617414248,10.676056338028168,固源岩,318,0.8390501319261213,0.06992084432717678,14.30188679245283
15,WR-5,画中人,2021-02-05 16:00:00+08:00,12,174,酮凝集,163,0.9367816091954023,0.07806513409961686,12.809815950920244,装置,59,0.3390804597701149,0.02825670498084291,35.389830508474574
16,WR-7,画中人,2021-02-05 16:00:00+08:00,12,194,异铁,174,0.8969072164948454,0.07474226804123711,13.379310344827587,糖,111,0.5721649484536082,0.04768041237113402,20.972972972972975
17,OD-4,源石尘行动,2021-03-09 16:00:00+08:00,12,164,酮凝集,143,0.8719512195121951,0.07266260162601626,13.762237762237762,固源岩,143,0.8719512195121951,0.07266260162601626,13.762237762237762
18,OD-5,源石尘行动,2021-03-09 16:00:00+08:00,12,56,聚酸酯,64,1.1428571428571428,0.09523809523809523,10.5,糖,35,0.625,0.052083333333333336,19.2
19,OD-6,源石尘行动,2021-03-09 16:00:00+08:00,12,455,装置,311,0.6835164835164835,0.05695970695970696,17.556270096463024,固源岩,379,0.832967032967033,0.06941391941391942,14.406332453825858
20,DM-4,生于黑夜・复刻,2021-03-30 16:00:00+08:00,12,54,固源岩,87,1.6111111111111112,0.13425925925925927,7.448275862068964,异铁,19,0.35185185185185186,0.02932098765432099,34.10526315789473
21,DM-5,生于黑夜・复刻,2021-03-30 16:00:00+08:00,15,51,糖,72,1.411764705882353,0.09411764705882354,10.624999999999998,装置,14,0.27450980392156865,0.018300653594771243,54.64285714285714
22,WD-3,遗尘漫步,2021-04-15 16:00:00+08:00,12,70,酮凝集,65,0.9285714285714286,0.07738095238095238,12.923076923076923,糖,45,0.6428571428571429,0.053571428571428575,18.666666666666664
23,WD-4,遗尘漫步,2021-04-15 16:00:00+08:00,12,666,异铁,597,0.8963963963963963,0.0746996996996997,13.386934673366834,固源岩,552,0.8288288288288288,0.06906906906906907,14.478260869565219
24,WD-5,遗尘漫步,2021-04-15 16:00:00+08:00,12,786,装置,587,0.7468193384223919,0.062234944868532656,16.068143100511072,糖,506,0.6437659033078881,0.05364715860899067,18.640316205533598
25,SV-4,覆潮之下,2021-05-01 16:00:00+08:00,12,224,酮凝集,200,0.8928571428571429,0.0744047619047619,13.44,固源岩,194,0.8660714285714286,0.07217261904761905,13.855670103092782
26,SV-5,覆潮之下,2021-05-01 16:00:00+08:00,12,343,聚酸酯,387,1.1282798833819243,0.09402332361516036,10.635658914728682,糖,203,0.5918367346938775,0.04931972789115646,20.275862068965516
27,SV-6,覆潮之下,2021-05-01 16:00:00+08:00,12,644,异铁,587,0.9114906832298136,0.07595755693581781,13.165247018739352,固源岩,565,0.8773291925465838,0.07311076604554866,13.67787610619469
28,TW-4,沃伦姆德的薄暮・复刻,2021-06-17 16:00:00+08:00,12,174,聚酸酯,204,1.1724137931034482,0.09770114942528735,10.23529411764706,固源岩,142,0.8160919540229885,0.06800766283524905,14.704225352112674
29,TW-5,沃伦姆德的薄暮・复刻,2021-06-17 16:00:00+08:00,15,176,酮凝集,201,1.1420454545454546,0.07613636363636364,13.134328358208954,装置,69,0.39204545454545453,0.026136363636363635,38.26086956521739
30,RI-4,密林悍将归来・复刻,2021-07-20 16:00:00+08:00,12,123,聚酸酯,143,1.1626016260162602,0.09688346883468835,10.321678321678322,固源岩,97,0.7886178861788617,0.06571815718157181,15.216494845360826
31,RI-5,密林悍将归来・复刻,2021-07-20 16:00:00+08:00,15,474,异铁,523,1.1033755274261603,0.07355836849507735,13.594646271510516,装置,204,0.43037974683544306,0.02869198312236287,34.85294117647059
32,MN-4,玛莉娅・临光・复刻,2021-10-01 16:00:00+08:00,12,40,糖,44,1.1,0.09166666666666667,10.909090909090908,装置,6,0.15,0.012499999999999999,80.0
33,MN-5,玛莉娅・临光・复刻,2021-10-01 16:00:00+08:00,15,80,异铁,89,1.1125,0.07416666666666667,13.48314606741573,固源岩,87,1.0875,0.0725,13.793103448275863
34,NL-4,长夜临光,2021-11-01 16:00:00+08:00,12,448,聚酸酯,485,1.0825892857142858,0.09021577380952382,11.084536082474225,固源岩,386,0.8616071428571429,0.07180059523809525,13.927461139896371
35,NL-5,长夜临光,2021-11-01 16:00:00+08:00,12,301,酮凝集,273,0.9069767441860465,0.0755813953488372,13.230769230769232,糖,193,0.6411960132890365,0.05343300110741971,18.71502590673575
36,NL-6,长夜临光,2021-11-01 16:00:00+08:00,15,615,异铁,692,1.1252032520325204,0.07501355013550136,13.330924855491329,固源岩,640,1.0406504065040652,0.06937669376693768,14.414062499999996
37,NL-7,长夜临光,2021-11-01 16:00:00+08:00,15,688,装置,615,0.8938953488372093,0.059593023255813955,16.78048780487805,异铁,424,0.6162790697674418,0.04108527131782946,24.339622641509433
38,MB-4,孤岛风云・复刻,2021-12-07 16:00:00+08:00,12,161,聚酸酯,174,1.0807453416149069,0.09006211180124224,11.10344827586207,固源岩,135,0.8385093167701864,0.06987577639751553,14.31111111111111
39,MB-5,孤岛风云・复刻,2021-12-07 16:00:00+08:00,15,86,酮凝集,99,1.1511627906976745,0.07674418604651163,13.03030303030303,装置,30,0.3488372093023256,0.023255813953488372,43.0
40,BI-4,风雪过境,2021-12-21 16:00:00+08:00,12,1622,酮凝集,1408,0.8680641183723797,0.07233867653103164,13.823863636363638,固源岩,1354,0.8347718865598027,0.06956432387998356,14.375184638109307
41,BI-5,风雪过境,2021-12-21 16:00:00+08:00,12,236,聚酸酯,257,1.0889830508474576,0.09074858757062147,11.019455252918288,糖,123,0.5211864406779662,0.04343220338983051,23.024390243902438
42,WR-4,画中人・复刻,2022-01-10 16:00:00+08:00,12,231,聚酸酯,262,1.1341991341991342,0.09451659451659451,10.580152671755725,固源岩,196,0.8484848484848485,0.0707070707070707,14.142857142857144
43,WR-5,画中人・复刻,2022-01-10 16:00:00+08:00,12,151,酮凝集,132,0.8741721854304636,0.0728476821192053,13.727272727272728,装置,44,0.2913907284768212,0.024282560706401765,41.18181818181818
44,WR-7,画中人・复刻,2022-01-10 16:00:00+08:00,12,215,异铁,196,0.9116279069767442,0.07596899224806201,13.16326530612245,糖,116,0.5395348837209303,0.044961240310077526,22.241379310344826
45,IW-4,将进酒,2022-01-25 16:00:00+08:00,12,4322,酮凝集,3903,0.9030541416011106,0.07525451180009256,13.288239815526516,固源岩,3716,0.8597871355853771,0.0716489279654481,13.956942949407965
46,IW-5,将进酒,2022-01-25 16:00:00+08:00,12,841,聚酸酯,899,1.0689655172413792,0.08908045977011493,11.225806451612904,糖,464,0.5517241379310345,0.04597701149425287,21.75
47,GA-4,吾导先路,2022-03-15 16:00:00+08:00,12,18135,装置,12128,0.6687620623104494,0.05573017185920412,17.943601583113455,固源岩,15108,0.833085194375517,0.06942376619795974,14.404289118347895
48,GA-5,吾导先路,2022-03-15 16:00:00+08:00,12,1140,异铁,1004,0.8807017543859649,0.07339181286549708,13.625498007968128,糖,625,0.5482456140350878,0.04568713450292398,21.887999999999998
49,WD-3,遗尘漫步・复刻,2022-03-29 16:00:00+08:00,12,24,酮凝集,17,0.7083333333333334,0.05902777777777778,16.941176470588236,糖,17,0.7083333333333334,0.05902777777777778,16.941176470588236
50,WD-4,遗尘漫步・复刻,2022-03-29 16:00:00+08:00,12,3067,异铁,2781,0.9067492663840887,0.07556243886534073,13.234088457389428,固源岩,2622,0.8549070753179002,0.07124225627649168,14.036613272311214
51,WD-5,遗尘漫步・复刻,2022-03-29 16:00:00+08:00,12,1156,装置,884,0.7647058823529411,0.06372549019607843,15.692307692307693,糖,754,0.6522491349480969,0.054354094579008076,18.39787798408488
52,SN-4,愚人号,2022-05-01 16:00:00+08:00,12,6069,聚酸酯,6708,1.1052891744933266,0.09210743120777722,10.856887298747765,装置,1996,0.3288844949744604,0.0274070412478717,36.48697394789579
53,SN-5,愚人号,2022-05-01 16:00:00+08:00,12,5783,异铁,5119,0.8851807020577555,0.07376505850481295,13.55655401445595,酮凝集,2621,0.45322496973888987,0.03776874747824082,26.476917207172836
54,SN-6,愚人号,2022-05-01 16:00:00+08:00,15,16815,糖,23462,1.3953018138566755,0.09302012092377837,10.75036228795499,固源岩,17524,1.0421647338685698,0.06947764892457133,14.39311800958685
55,SN-7,愚人号,2022-05-01 16:00:00+08:00,15,4316,装置,3606,0.8354958294717331,0.055699721964782206,17.95341098169717,异铁,2371,0.54935125115848,0.03662341674389867,27.304934626739772
56,SV-4,覆潮之下・复刻,2022-05-30 16:00:00+08:00,12,6688,酮凝集,4552,0.680622009569378,0.05671850079744817,17.63093145869947,固源岩,5901,0.8823265550239234,0.07352721291866028,13.600406710726997
57,SV-5,覆潮之下・复刻,2022-05-30 16:00:00+08:00,12,2486,聚酸酯,2083,0.8378921962992759,0.06982434969160632,14.321651464234279,糖,1664,0.66934835076428,0.055779029230356665,17.927884615384617
58,SV-6,覆潮之下・复刻,2022-05-30 16:00:00+08:00,12,10083,异铁,7296,0.7235941684022612,0.06029951403352177,16.58388157894737,固源岩,8839,0.8766240206287811,0.07305200171906509,13.68887883244711
59,LE-3,尘影余音,2022-06-09 16:00:00+08:00,12,57798,装置,38432,0.6649365029931832,0.05541137524943193,18.04683597002498,固源岩,48029,0.8309803107373958,0.06924835922811631,14.440775364883716
60,LE-4,尘影余音,2022-06-09 16:00:00+08:00,12,2663,异铁,2360,0.8862185505069471,0.07385154587557892,13.540677966101695,糖,1470,0.552009012392039,0.04600075103266992,21.738775510204082
61,DV-3,绿野幻梦,2022-07-05 16:00:00+08:00,12,21129,装置,14053,0.6651048322211179,0.05542540268509316,18.04226855475699,聚酸酯,11632,0.5505229778976761,0.045876914824806346,21.7974552957359
62,DV-4,绿野幻梦,2022-07-05 16:00:00+08:00,12,8165,糖,9076,1.111573790569504,0.09263114921412534,10.795504627589246,异铁,3652,0.44727495407225965,0.03727291283935497,26.829134720700985
63,DV-5,绿野幻梦,2022-07-05 16:00:00+08:00,15,16769,酮凝集,18643,1.111753831474745,0.07411692209831634,13.492195462103737,装置,7006,0.4177947402945912,0.02785298268630608,35.90279760205538
64,IC-3,理想城：长夏狂欢季,2022-08-11 16:00:00+08:00,12,109368,固源岩,182434,1.6680747567844343,0.1390062297320362,7.193922185557517,聚酸酯,60563,0.5537542974178918,0.04614619145149099,21.670260720241735
65,IC-4,理想城：长夏狂欢季,2022-08-11 16:00:00+08:00,12,13168,糖,14616,1.1099635479951397,0.09249696233292831,10.811165845648604,装置,4365,0.3314854191980559,0.027623784933171327,36.20068728522337
66,IC-5,理想城：长夏狂欢季,2022-08-11 16:00:00+08:00,15,58337,酮凝集,64775,1.1103587774482746,0.07402391849655164,13.50914704747202,固源岩,60753,1.0414145396575072,0.06942763597716714,14.403486247592713
67,IC-6,理想城：长夏狂欢季,2022-08-11 16:00:00+08:00,15,36572,装置,30094,0.8228699551569507,0.05485799701046338,18.228882833787466,异铁,20129,0.5503937438477524,0.03669291625651683,27.25321675194992
68,NL-4,长夜临光・复刻,2022-09-22 16:00:00+08:00,12,20010,聚酸酯,22214,1.1101449275362318,0.09251207729468598,10.809399477806789,固源岩,16576,0.8283858070964518,0.06903215059137098,14.48600386100386
69,NL-5,长夜临光・复刻,2022-09-22 16:00:00+08:00,12,6761,酮凝集,5965,0.8822659369915693,0.07352216141596411,13.601341156747694,糖,3708,0.5484395799437953,0.04570329832864961,21.880258899676374
70,NL-6,长夜临光・复刻,2022-09-22 16:00:00+08:00,15,41849,异铁,46531,1.1118784200339316,0.07412522800226211,13.490683630267991,固源岩,43530,1.0401682238524217,0.0693445482568281,14.420744314266026
71,NL-7,长夜临光・复刻,2022-09-22 16:00:00+08:00,15,48063,装置,40050,0.8332813182697709,0.055552087884651394,18.001123595505618,异铁,26634,0.5541476811684664,0.036943178744564424,27.06859653075017
72,IS-4,叙拉古人,2022-11-01 16:00:00+08:00,12,426007,固源岩,710434,1.6676580431776942,0.13897150359814117,7.195719799446536,异铁,188487,0.4424504761658846,0.03687087301382372,27.121679479221378
73,IS-5,叙拉古人,2022-11-01 16:00:00+08:00,12,24399,酮凝集,21671,0.888192139022091,0.07401601158517425,13.510590189654378,聚酸酯,13488,0.5528095413746466,0.046067461781220544,21.70729537366548
74,IS-6,叙拉古人,2022-11-01 16:00:00+08:00,15,32034,聚酸酯,44613,1.3926765311856153,0.09284510207904102,10.770627395602178,糖,22318,0.6966972591621402,0.04644648394414268,21.53015503181289
75,IS-7,叙拉古人,2022-11-01 16:00:00+08:00,15,59374,装置,49239,0.8293023882507495,0.0552868258833833,18.087491622494362,酮凝集,32989,0.5556135682285175,0.03704090454856783,26.997180878474648
76,BI-4,风雪过境・复刻,2022-12-01 16:00:00+08:00,12,11413,酮凝集,10114,0.8861824235520898,0.07384853529600748,13.541229978247973,固源岩,9428,0.826075527906773,0.06883962732556441,14.52651675859143
77,BI-5,风雪过境・复刻,2022-12-01 16:00:00+08:00,12,388,聚酸酯,441,1.1365979381443299,0.09471649484536082,10.557823129251702,糖,229,0.5902061855670103,0.04918384879725086,20.33187772925764
78,FC-3,照我以火,2022-12-15 16:00:00+08:00,12,14541,聚酸酯,16160,1.1113403479815693,0.09261169566513078,10.797772277227724,糖,8026,0.5519565366893611,0.04599637805744675,21.740842262646403
79,FC-4,照我以火,2022-12-15 16:00:00+08:00,12,24282,酮凝集,21590,0.8891359855036652,0.07409466545863877,13.496248263084762,异铁,10690,0.44024380199324603,0.03668698349943717,27.25762394761459
80,IW-4,将进酒・复刻,2023-01-01 16:00:00+08:00,12,96401,酮凝集,85586,0.8878123670916277,0.07398436392430231,13.516369499684528,固源岩,80218,0.8321282974243006,0.06934402478535838,14.420853175097859
81,IW-5,将进酒・复刻,2023-01-01 16:00:00+08:00,12,6872,聚酸酯,7648,1.1129220023282886,0.09274350019402405,10.782426778242678,糖,3879,0.5644644935972061,0.047038707799767175,21.259087393658156
82,WB-4,登临意,2023-01-17 16:00:00+08:00,12,24177,异铁,21527,0.8903916945857633,0.07419930788214694,13.477214660658708,糖,13419,0.5550316416428838,0.046252636803573645,21.62038900067069
83,WB-5,登临意,2023-01-17 16:00:00+08:00,12,42229,酮凝集,37424,0.8862156338061522,0.07385130281717935,13.540722530996153,装置,14032,0.33228350185891214,0.02769029182157601,36.11374002280502
84,WB-6,登临意,2023-01-17 16:00:00+08:00,12,129796,装置,86766,0.6684797682517181,0.055706647354309836,17.951179033261877,糖,71938,0.5542389595981386,0.04618657996651155,21.651310851010592
85,GA-4,吾导先路・复刻,2023-02-21 16:00:00+08:00,12,393477,装置,263997,0.6709337521634047,0.055911146013617054,17.885521426379846,固源岩,327389,0.8320410087501938,0.06933675072918281,14.422366053838095
86,GA-5,吾导先路・复刻,2023-02-21 16:00:00+08:00,12,17587,异铁,15660,0.8904304315687724,0.07420253596406437,13.47662835249042,糖,9741,0.5538750213225678,0.04615625177688065,21.665537419156145
87,SN-4,愚人号・复刻,2023-04-20 16:00:00+08:00,12,69734,聚酸酯,77316,1.1087274500243784,0.09239395416869821,10.823218997361476,装置,23196,0.33263544325580063,0.02771962027131672,36.075530263838594
88,SN-5,愚人号・复刻,2023-04-20 16:00:00+08:00,12,64895,异铁,57601,0.8876030510825179,0.07396692092354316,13.519556952136247,酮凝集,28779,0.443470221126435,0.03695585176053625,27.059314083185658
89,SN-6,愚人号・复刻,2023-04-20 16:00:00+08:00,15,279130,糖,387119,1.3868770823630567,0.09245847215753712,10.815666500481763,固源岩,290827,1.0419052054598217,0.06946034703065478,14.396703194682749
90,SN-7,愚人号・复刻,2023-04-20 16:00:00+08:00,15,64298,装置,53514,0.8322809418644437,0.055485396124296246,18.022760399147888,异铁,35612,0.5538585959127811,0.036923906394185406,27.082724924182862
91,CW-4,孤星,2023-05-01 16:00:00+08:00,12,162256,聚酸酯,180215,1.1106831180356966,0.09255692650297472,10.804161695752297,装置,54084,0.3333251158662854,0.027777092988857114,36.00088750832039
92,CW-5,孤星,2023-05-01 16:00:00+08:00,12,68842,异铁,61251,0.8897330118241771,0.07414441765201475,13.48719204584415,酮凝集,30653,0.44526597135469625,0.03710549761289136,26.95018432127361
93,CW-6,孤星,2023-05-01 16:00:00+08:00,15,892812,糖,1240351,1.38926336115554,0.09261755741036934,10.797088888548483,固源岩,930417,1.0421197295735272,0.06947464863823515,14.393739581284521
94,CW-7,孤星,2023-05-01 16:00:00+08:00,15,219354,异铁,243727,1.1111126307247645,0.07407417538165097,13.499981536719362,装置,93102,0.42443721108345417,0.028295814072230276,35.34091641425533
95,HE-4,空想花庭,2023-06-08 16:00:00+08:00,12,65802,聚酸酯,73104,1.1109692714507158,0.09258077262089298,10.801378857518056,酮凝集,29328,0.4457007385793745,0.03714172821494787,26.92389525368249
96,HE-5,空想花庭,2023-06-08 16:00:00+08:00,12,168813,糖,187451,1.1104061890968113,0.09253384909140094,10.806856191751443,装置,55887,0.331058627001475,0.027588218916789583,36.24735627247839
97,LE-3,尘影余音・复刻,2023-06-20 16:00:00+08:00,12,476096,装置,319373,0.6708163899717704,0.05590136583098087,17.88865057471984,固源岩,396666,0.833163899717704,0.06943032497647533,14.402928408283039
98,LE-4,尘影余音・复刻,2023-06-20 16:00:00+08:00,12,21770,异铁,19369,0.8897106109324758,0.07414255091103965,13.487531622696062,糖,12145,0.5578778135048231,0.046489817792068594,21.510086455331415
99,DV-3,绿野幻梦・复刻,2023-07-18 16:00:00+08:00,12,98795,装置,66380,0.6718963510299104,0.05599136258582587,17.859897559505875,聚酸酯,54922,0.5559188218027228,0.04632656848356023,21.585885437529587
100,DV-4,绿野幻梦・复刻,2023-07-18 16:00:00+08:00,12,22376,糖,24888,1.1122631390775832,0.09268859492313193,10.788813886210221,异铁,9850,0.44020378977475866,0.036683649147896555,27.26010152284264
101,DV-5,绿野幻梦・复刻,2023-07-18 16:00:00+08:00,15,48812,酮凝集,54236,1.1111202163402443,0.07407468108934961,13.499889372372595,装置,20754,0.42518233221339014,0.028345488814226008,35.278982364845334
102,SL-4,火山旅梦,2023-08-01 16:00:00+08:00,12,88196,聚酸酯,98116,1.1124767563154792,0.09270639635962326,10.786742223490563,糖,49048,0.5561249943308086,0.04634374952756739,21.57788289022998
103,SL-5,火山旅梦,2023-08-01 16:00:00+08:00,12,217898,酮凝集,193394,0.8875437131134751,0.0739619760927896,13.520460820914817,异铁,97263,0.4463694021973584,0.0371974501831132,26.883563122667407
104,IC-3,理想城：长夏狂欢季・复刻,2023-08-31 16:00:00+08:00,12,83680,固源岩,139457,1.6665511472275334,0.1388792622689611,7.200499078569022,聚酸酯,46718,0.5582934990439771,0.046524458253664754,21.49407080782568
105,IC-4,理想城：长夏狂欢季・复刻,2023-08-31 16:00:00+08:00,12,17646,糖,19662,1.1142468548112887,0.09285390456760739,10.769606347268843,装置,5852,0.33163323132721295,0.02763610261060108,36.18455228981545
106,IC-5,理想城：长夏狂欢季・复刻,2023-08-31 16:00:00+08:00,15,80980,酮凝集,89957,1.1108545319832057,0.07405696879888038,13.503118156452528,固源岩,84374,1.0419115831069399,0.06946077220712933,14.396615070993434
107,IC-6,理想城：长夏狂欢季・复刻,2023-08-31 16:00:00+08:00,15,82932,装置,69129,0.8335624366951238,0.05557082911300825,17.99505272750944,异铁,45981,0.5544421936043988,0.03696281290695992,27.054218046584456
108,CV-4,不义之财,2023-09-05 16:00:00+08:00,12,516296,固源岩,860476,1.6666330941940282,0.13888609118283568,7.200145036003328,聚酸酯,287240,0.5563475215767699,0.04636229346473083,21.56925219328784
109,CV-5,不义之财,2023-09-05 16:00:00+08:00,12,92300,异铁,82209,0.8906717226435537,0.07422264355362947,13.472977411232348,装置,30591,0.33143011917659804,0.027619176598049838,36.20672746886339
110,IS-4,叙拉古人・复刻,2023-10-22 16:00:00+08:00,12,292952,固源岩,488336,1.6669488516890139,0.13891240430741783,7.198781167065299,异铁,130386,0.4450763264971736,0.03708969387476447,26.961667663706223
111,IS-5,叙拉古人・复刻,2023-10-22 16:00:00+08:00,12,17038,酮凝集,15126,0.8877802558985797,0.0739816879915483,13.516858389527965,聚酸酯,9567,0.5615095668505693,0.046792463904214106,21.37096268422703
112,IS-6,叙拉古人・复刻,2023-10-22 16:00:00+08:00,15,18301,聚酸酯,25331,1.3841320146440086,0.0922754676429339,10.837116576526785,糖,12748,0.6965739577072291,0.0464382638471486,21.53396611233135
113,IS-7,叙拉古人・复刻,2023-10-22 16:00:00+08:00,15,78345,装置,65185,0.8320250175505776,0.05546833450337184,18.028304057681982,酮凝集,43294,0.5526070585231987,0.03684047056821325,27.144061532775904
114,ZT-4,崔林特尔梅之金,2023-11-01 16:00:00+08:00,15,976226,固源岩,2034148,2.083685540028641,0.13891236933524273,7.198782979409561,异铁,541783,0.5549770237629401,0.03699846825086268,27.02814595511487
115,ZT-5,崔林特尔梅之金,2023-11-01 16:00:00+08:00,15,30574,酮凝集,34079,1.1146398901027017,0.07430932600684678,13.457261069867073,聚酸酯,21048,0.6884280761431282,0.04589520507620855,21.788768529076396
116,ZT-6,崔林特尔梅之金,2023-11-01 16:00:00+08:00,15,164272,装置,135906,0.8273229765267361,0.055154865101782406,18.13076685356055,糖,112266,0.6834153111911951,0.04556102074607968,21.948586393030833
117,RS-4,银心湖列车,2023-12-05 16:00:00+08:00,12,57939,聚酸酯,64380,1.111168642883032,0.09259738690691934,10.799440820130476,装置,19161,0.33070988453373373,0.02755915704447781,36.28558008454674
118,RS-5,银心湖列车,2023-12-05 16:00:00+08:00,12,3665472,固源岩,6109303,1.666716592024165,0.13889304933534707,7.199784328916081,酮凝集,1626486,0.44373166675396786,0.03697763889616399,27.04337080060941
119,FC-3,照我以火・复刻,2023-12-22 16:00:00+08:00,12,15530,聚酸酯,17160,1.1049581455247908,0.09207984546039923,10.86013986013986,糖,8631,0.5557630392788152,0.04631358660656793,21.59193604449079
120,FC-4,照我以火・复刻,2023-12-22 16:00:00+08:00,12,20624,酮凝集,18238,0.8843095422808379,0.07369246185673649,13.569908981247943,异铁,9168,0.44453064391000774,0.03704422032583398,26.994764397905758
121,WB-4,登临意・复刻,2024-01-18 16:00:00+08:00,12,26448,异铁,23502,0.8886116152450091,0.07405096793708409,13.504212407454686,糖,14751,0.5577359346642469,0.0464779945553539,21.51555826723612
122,WB-5,登临意・复刻,2024-01-18 16:00:00+08:00,12,72253,酮凝集,64079,0.886869749352968,0.07390581244608067,13.5307354983692,装置,21448,0.2968458057104895,0.024737150475874128,40.42502797463633
123,WB-6,登临意・复刻,2024-01-18 16:00:00+08:00,12,751454,装置,504166,0.670920641849002,0.05591005348741684,17.885870923465685,糖,418037,0.5563041782996697,0.046358681524972474,21.570932716482034
124,HS-4,怀黍离,2024-02-01 16:00:00+08:00,12,39437,异铁,35047,0.8886832162689859,0.07405693468908216,13.503124375838162,酮凝集,17395,0.441083246697264,0.036756937224772,27.205748778384592
125,HS-5,怀黍离,2024-02-01 16:00:00+08:00,12,2313108,糖,2570158,1.1111275392242819,0.09259396160202349,10.79984032110088,固源岩,1926733,0.8329628361494578,0.06941356967912148,14.406405038996063
126,HS-6,怀黍离,2024-02-01 16:00:00+08:00,12,91958,聚酸酯,102216,1.1115509254224756,0.0926292437852063,10.795726696407606,装置,30523,0.33192326931860194,0.027660272443216827,36.152933853159915
127,CR-3,水晶箭行动,2024-03-07 16:00:00+08:00,12,681000,酮凝集,604868,0.8882055800293686,0.07401713166911404,13.510385737053374,固源岩,566805,0.8323127753303965,0.06935939794419971,14.417656866117976
128,CR-4,水晶箭行动,2024-03-07 16:00:00+08:00,12,23572,聚酸酯,26271,1.114500254539284,0.092875021211607,10.7671577024095,糖,13147,0.5577379942304429,0.046478166185870244,21.51547881646003
129,CR-5,水晶箭行动,2024-03-07 16:00:00+08:00,12,560076,装置,376251,0.6717856148094187,0.055982134567451554,17.862841560553996,异铁,248729,0.4440986580392661,0.037008221503272175,27.021022880323564
130,OD-4,源石尘行动・复刻,2024-03-21 16:00:00+08:00,12,91702,酮凝集,81444,0.8881376633006913,0.07401147194172428,13.511418889052601,固源岩,76296,0.8319993020871955,0.06933327517393297,14.423089021704937
131,OD-5,源石尘行动・复刻,2024-03-21 16:00:00+08:00,12,16593,聚酸酯,18461,1.1125775929608872,0.09271479941340727,10.78576458480039,糖,9224,0.5558970650274212,0.046324755418951764,21.586730268863835
132,OD-6,源石尘行动・复刻,2024-03-21 16:00:00+08:00,12,1747257,装置,1171703,0.6705956822608237,0.0558829735217353,17.89453812100848,固源岩,1455169,0.8328305452489244,0.06940254543741037,14.408693423238127
133,BB-3,巴别塔,2024-04-11 16:00:00+08:00,12,32273,异铁,28624,0.8869333498590153,0.07391111248825127,13.529765231973169,酮凝集,14273,0.44225823443745543,0.03685485286978795,27.13346878722063
134,BB-4,巴别塔,2024-04-11 16:00:00+08:00,12,1897944,糖,2108565,1.1109732426246506,0.09258110355205422,10.801340247988561,固源岩,1581000,0.8330066640533125,0.06941722200444271,14.405647058823527
135,BB-5,巴别塔,2024-04-11 16:00:00+08:00,12,89343,聚酸酯,99206,1.1103947707151092,0.09253289755959243,10.806967320524969,装置,29740,0.3328744277671446,0.02773953564726205,36.049630127774044
136,CW-4,孤星・复刻,2024-05-24 16:00:00+08:00,12,42767,聚酸酯,47465,1.1098510533822807,0.09248758778185673,10.812261666491098,装置,14345,0.3354221713003016,0.027951847608358466,35.77581038689439
137,CW-5,孤星・复刻,2024-05-24 16:00:00+08:00,12,25635,异铁,22729,0.8866393602496586,0.07388661335413822,13.534251396893836,酮凝集,11394,0.44447045055588064,0.037039204212990055,26.998420221169035
138,CW-6,孤星・复刻,2024-05-24 16:00:00+08:00,15,1243434,糖,1726658,1.3886205460040502,0.09257470306693667,10.802087037502504,固源岩,1295166,1.0416041382172274,0.0694402758811485,14.400864445175367
139,CW-7,孤星・复刻,2024-05-24 16:00:00+08:00,15,75678,异铁,84064,1.1108115965009646,0.07405410643339765,13.503640083745717,装置,32211,0.4256322841512725,0.028375485610084836,35.241687622240846
140,BP-3,生路,2024-06-05 16:00:00+08:00,12,38309,异铁,34091,0.8898953248583884,0.07415794373819903,13.484732040714558,酮凝集,17105,0.44650082226108745,0.03720840185509062,26.87565039462146
141,BP-4,生路,2024-06-05 16:00:00+08:00,12,5300917,固源岩,8837033,1.6670762813301925,0.1389230234441827,7.198230899443287,聚酸酯,2948288,0.5561845243002296,0.04634871035835247,21.575573349686326
142,HE-4,空想花庭・复刻,2024-06-25 16:00:00+08:00,12,29785,聚酸酯,33026,1.108813160987074,0.09240109674892283,10.822382365409073,酮凝集,13284,0.4459963068658721,0.03716635890548934,26.906052393857273
143,HE-5,空想花庭・复刻,2024-06-25 16:00:00+08:00,12,614939,糖,683193,1.1109931228951164,0.0925827602412597,10.801146967255226,装置,202334,0.32903100957981196,0.027419250798317665,36.47072662034063
144,AS-4,太阳甩在身后,2024-08-01 16:00:00+08:00,12,79921,聚酸酯,88747,1.1104340536279576,0.09253617113566313,10.806585011324326,装置,26549,0.33219053815642946,0.02768254484636912,36.123846472560174
145,AS-5,太阳甩在身后,2024-08-01 16:00:00+08:00,12,47520,异铁,42129,0.8865530303030303,0.07387941919191919,13.535569322794275,酮凝集,21040,0.44276094276094274,0.03689674523007856,27.102661596958175
146,AS-6,太阳甩在身后,2024-08-01 16:00:00+08:00,12,3121945,糖,3467063,1.11054582960302,0.09254548580025167,10.805497333045288,固源岩,2599365,0.832610760279249,0.06938423002327075,14.412496898280926
147,SL-4,火山旅梦・复刻,2024-08-22 16:00:00+08:00,12,2217,聚酸酯,2473,1.1154713576905728,0.0929559464742144,10.757784067933684,糖,1200,0.5412719891745602,0.04510599909788002,22.17
148,SL-5,火山旅梦・复刻,2024-08-22 16:00:00+08:00,12,4041,酮凝集,3624,0.896807720861173,0.07473397673843109,13.380794701986753,异铁,1767,0.437268002969562,0.0364390002474635,27.443123938879456
149,DT-3,泰拉饭,2024-09-02 16:00:00+08:00,12,1770042,聚酸酯,1966347,1.1109041480371653,0.09257534566976378,10.802012055857892,固源岩,1474597,0.8330858815779513,0.06942382346482927,14.404277236424596
150,DT-4,泰拉饭,2024-09-02 16:00:00+08:00,12,27057,异铁,24076,0.889825183871087,0.07415209865592391,13.485794982555243,糖,15064,0.5567505636249399,0.04639588030207833,21.553637812002126
151,DT-5,泰拉饭,2024-09-02 16:00:00+08:00,12,54237,酮凝集,48328,0.8910522337149916,0.07425435280958263,13.467223969541466,装置,17943,0.3308258200121688,0.027568818334347402,36.272864069553584
152,CV-4,不义之财・复刻,2024-09-19 16:00:00+08:00,12,418713,固源岩,697732,1.6663729093675144,0.13886440911395953,7.201269255244133,聚酸酯,232599,0.5555093823215425,0.046292448526795205,21.601795364554448
153,CV-5,不义之财・复刻,2024-09-19 16:00:00+08:00,12,11576,异铁,10327,0.8921043538355218,0.07434202948629348,13.45134114457248,装置,3444,0.29751209398756046,0.02479267449896337,40.33449477351917
154,GO-4,追迹日落以西,2024-10-09 16:00:00+08:00,12,428208,固源岩,713420,1.6660594851100399,0.13883829042583665,7.202623980264081,聚酸酯,237903,0.5555781302544558,0.04629817752120465,21.599122331370346
155,GO-5,追迹日落以西,2024-10-09 16:00:00+08:00,12,17803,异铁,15811,0.888108745717014,0.0740090621430845,13.511858832458413,装置,5825,0.3271920462843341,0.027266003857027845,36.67570815450643
156,GO-6,追迹日落以西,2024-10-09 16:00:00+08:00,12,1400,酮凝集,1251,0.8935714285714286,0.07446428571428572,13.42925659472422,糖,802,0.5728571428571428,0.04773809523809524,20.947630922693268
